,Category,Category_description,author_comment_karma,author_is_gold,author_link_karma,author_name,created_utc,downs,num_comments,permalink,thumbnail,title,type,ups
0,Android,"Android news, reviews, tips, and discussions about rooting, tutorials, and apps. Generic discussion about phones/tablets is allowed, but technical-support and carrier-related issues should be asked in their respective subreddits!",56550.0,False,34730.0,santaschesthairs,1422267551.0,0,578,https://www.reddit.com/r/Android/comments/2tpjep/the_new_step_by_step_guide_detailing_how_to_get/,self,"The new step by step guide detailing how to get started developing Android apps, with no prior experience necessary. Includes every resource I used, simple explanations and an interesting first app tutorial. Everything you need to get started in Android Development is here.",,7861
1,Android,"Android news, reviews, tips, and discussions about rooting, tutorials, and apps. Generic discussion about phones/tablets is allowed, but technical-support and carrier-related issues should be asked in their respective subreddits!",81.0,False,6415.0,TheMcClaneShow,1476137391.0,0,3243,https://www.reddit.com/r/Android/comments/56upw5/its_official_old_and_new_note_7_phones_are_to_be/,http://a.thumbs.redditmedia.com/WStAuw8Vs-DnA4WxElIn3jHAsWeHw40aziQ6DiPE8E8.jpg,It's official. Old and new Note 7 phones are to be powered down and stop being used.,,7599
2,Android,"Android news, reviews, tips, and discussions about rooting, tutorials, and apps. Generic discussion about phones/tablets is allowed, but technical-support and carrier-related issues should be asked in their respective subreddits!",2066.0,False,67740.0,tits_for_tots,1440570762.0,0,1569,https://www.reddit.com/r/Android/comments/3ifq46/leo_laporte_breaks_his_note_5_by_inserting_the/,http://b.thumbs.redditmedia.com/_5hMWMFYuwv2ny5O955sZCfbLSmjCGv-EN4IS3FKTdA.jpg,Leo Laporte breaks his Note 5 by inserting the stylus backwards - shows how easily it can be done,vid,7369
3,Android,"Android news, reviews, tips, and discussions about rooting, tutorials, and apps. Generic discussion about phones/tablets is allowed, but technical-support and carrier-related issues should be asked in their respective subreddits!",56550.0,False,34730.0,santaschesthairs,1429954442.0,0,501,https://www.reddit.com/r/Android/comments/33t0l9/ive_updated_my_complete_guide_to_android/,default,"I've updated my complete guide to Android development (which still requires no prior programming experience) with more resources, better instructions, updated screenshots and I'm now distributing it free of charge as a shareable and neatly formatted PDF on my website.",,7140
4,Android,"Android news, reviews, tips, and discussions about rooting, tutorials, and apps. Generic discussion about phones/tablets is allowed, but technical-support and carrier-related issues should be asked in their respective subreddits!",21718.0,False,209107.0,open1your1eyes0,1434405624.0,0,565,https://www.reddit.com/r/Android/comments/39yslr/google_maps_now_warns_you_if_you_are_navigating/,http://b.thumbs.redditmedia.com/w3BhNxtHczLES1uoZDzZ6vtgOxyuEafebM5Uh7O0oik.jpg,Google Maps Now Warns You If You Are Navigating To A Place That Will Be Closed When You Arrive,,6950
5,Android,"Android news, reviews, tips, and discussions about rooting, tutorials, and apps. Generic discussion about phones/tablets is allowed, but technical-support and carrier-related issues should be asked in their respective subreddits!",91.0,False,16859.0,cjruk1,1456438719.0,0,736,https://www.reddit.com/r/Android/comments/47luw5/google_and_facebook_will_reportedly_file_court/,http://b.thumbs.redditmedia.com/5EbWeTIps-litgwEmQyM8DaYi5UkuqEMEw7Hu-jZpTQ.jpg,Google and Facebook will reportedly file court motions supporting Apple in fight with FBI,,6890
6,Android,"Android news, reviews, tips, and discussions about rooting, tutorials, and apps. Generic discussion about phones/tablets is allowed, but technical-support and carrier-related issues should be asked in their respective subreddits!",11994.0,True,14674.0,yashendra2797,1475602121.0,0,792,https://www.reddit.com/r/Android/comments/55undw/mkbhd_you_cant_hear_live_but_every_time_the_guy/,http://b.thumbs.redditmedia.com/2ys6lX3-Hk3HlQykDaAnPume74Pg1ZLhlKdqiuRayXk.jpg,"@MKBHD: You can't hear live, but every time the guy on stage says ""Ok Google"" it triggers the phone of someone in the front row and it's hilarious",,6844
7,Android,"Android news, reviews, tips, and discussions about rooting, tutorials, and apps. Generic discussion about phones/tablets is allowed, but technical-support and carrier-related issues should be asked in their respective subreddits!",662.0,True,5790.0,Outbackroo,1474472945.0,0,2852,https://www.reddit.com/r/Android/comments/53tsxw/the_direction_google_is_heading_in_is_frustrating/,self,The direction Google is heading in is frustrating as a consumer,,6834
8,Android,"Android news, reviews, tips, and discussions about rooting, tutorials, and apps. Generic discussion about phones/tablets is allowed, but technical-support and carrier-related issues should be asked in their respective subreddits!",33.0,False,6468.0,FLaK_7,1471883962.0,0,4022,https://www.reddit.com/r/Android/comments/4z1er4/android_nougat_is_here/,http://b.thumbs.redditmedia.com/4AYYiSQYGWU497GYT_Ap7pC9-ANZebApjg2Zx5nZGxE.jpg,Android Nougat is here,,6808
9,Android,"Android news, reviews, tips, and discussions about rooting, tutorials, and apps. Generic discussion about phones/tablets is allowed, but technical-support and carrier-related issues should be asked in their respective subreddits!",1206.0,False,63924.0,fastforward23,1439831452.0,0,1295,https://www.reddit.com/r/Android/comments/3hc3fp/marshmallow/,http://a.thumbs.redditmedia.com/58ruBjK1ngNvTXNsqjopWDq6ZJ70ghnL0DM1Cl4tFD4.jpg,Marshmallow!!!,,6746
10,Android,"Android news, reviews, tips, and discussions about rooting, tutorials, and apps. Generic discussion about phones/tablets is allowed, but technical-support and carrier-related issues should be asked in their respective subreddits!",32222.0,False,19439.0,Jdban,1432847798.0,0,1558,https://www.reddit.com/r/Android/comments/37n4mu/the_verge_just_reviewed_the_old_google_photos_app/,http://b.thumbs.redditmedia.com/VW8e346nWVHqx0fisA36VZFfMZnIgUD2CqEXq_Ol0Fo.jpg,"The Verge just reviewed the old Google+ Photos app thinking it was the new one, with video.",,6703
11,Android,"Android news, reviews, tips, and discussions about rooting, tutorials, and apps. Generic discussion about phones/tablets is allowed, but technical-support and carrier-related issues should be asked in their respective subreddits!",1951.0,False,53357.0,DJDB,1446960808.0,0,487,https://www.reddit.com/r/Android/comments/3rz72e/google_play_should_have_an_option_to_report_an/,self,"Google Play should have an option to report an application as abandoned, especially if it's a paid one",,6575
12,Android,"Android news, reviews, tips, and discussions about rooting, tutorials, and apps. Generic discussion about phones/tablets is allowed, but technical-support and carrier-related issues should be asked in their respective subreddits!",217.0,False,5581.0,ClumsyRainbow,1464293063.0,0,709,https://www.reddit.com/r/Android/comments/4l77h6/googles_use_of_the_java_api_ruled_fair_used_by/,http://b.thumbs.redditmedia.com/6kNsPVQARY5BuUwLGlrFz-6yRWVbkepouj3BiHMMrLk.jpg,Google's use of the Java API ruled fair used by jury,,6520
13,Android,"Android news, reviews, tips, and discussions about rooting, tutorials, and apps. Generic discussion about phones/tablets is allowed, but technical-support and carrier-related issues should be asked in their respective subreddits!",131.0,False,7616.0,ChrystianV,1475687928.0,0,2842,https://www.reddit.com/r/Android/comments/560luq/replacement_samsung_galaxy_note_7_phone_catches/,http://b.thumbs.redditmedia.com/X54AsN6ACUDaEtznvKlul_ZGf4cZzbIFv3wEvplAymE.jpg,Replacement Samsung Galaxy Note 7 phone catches fire on Southwest plane,,6526
14,Android,"Android news, reviews, tips, and discussions about rooting, tutorials, and apps. Generic discussion about phones/tablets is allowed, but technical-support and carrier-related issues should be asked in their respective subreddits!",9530.0,False,588.0,Sinborn,1460380674.0,0,3372,https://www.reddit.com/r/Android/comments/4eanbu/so_how_many_of_you_have_uninstalled_the_official/,self,"So, how many of you have uninstalled the official reddit app?",,6468
15,Android,"Android news, reviews, tips, and discussions about rooting, tutorials, and apps. Generic discussion about phones/tablets is allowed, but technical-support and carrier-related issues should be asked in their respective subreddits!",2736.0,False,9341.0,jlwtformer,1464620192.0,0,817,https://www.reddit.com/r/Android/comments/4lpvk6/google_maps_will_soon_allow_you_to_share_your_eta/,http://a.thumbs.redditmedia.com/y7TmGDyHRWS6xLQ5ZUAQ-vkdebhVDYZ7Zi8ai57Y8U0.jpg,"Google Maps Will Soon Allow You to Share Your ETA, Add a Shortcut to Routine Destinations, and Create a Map of Your Location History",,6466
16,Android,"Android news, reviews, tips, and discussions about rooting, tutorials, and apps. Generic discussion about phones/tablets is allowed, but technical-support and carrier-related issues should be asked in their respective subreddits!",1308.0,False,1865.0,Euphoriks,1433002365.0,0,542,https://www.reddit.com/r/Android/comments/37uu68/the_boxes_phones_come_in_should_be_able_to/,self,The boxes phones come in should be able to transform into Google Cardboard.,,6370
